Time,target 1:gun 2:fighter,gun_active,vector,shoot,die
287.3,-1,1,-0.7894239,0,0
287.4,-1,1,-0.7952511,0,0
287.5,-1,1,-0.7788591,0,0
287.6,-1,1,-0.780436,0,0
287.7,-1,1,-0.8054187,0,0
287.8,-1,1,-0.8081958,0,0
287.9,-1,1,-0.7890346,0,0
288,-1,1,-0.7899593,0,0
288.1,-1,1,-0.7681589,0,0
288.2,-1,1,-0.7673148,0,0
288.3,-1,1,-0.7871717,0,0
288.4,-1,1,-0.7843362,0,0
288.5,-1,1,-0.7805746,0,0
288.6,-1,1,-0.7758995,0,0
288.7,-1,1,-0.7489641,0,0
288.8,-1,1,-0.742652,0,0
288.9,-1,1,-0.7567351,0,0
289,-1,1,-0.7583764,0,0
289.1,-1,1,-0.7704541,0,0
289.2,-1,1,-0.7412102,0,0
289.3,-1,1,-0.7514845,0,0
289.4,-1,1,-0.7531371,0,0
289.5,-1,1,-0.7614648,0,0
289.6,-1,1,-0.756373,0,0
289.7,-1,1,-0.7258171,0,0
289.8,-1,1,-0.6937484,0,0
289.9,-1,1,-0.7023786,0,0
290,-1,1,-0.7092391,0,0
290.1,-1,1,-0.7143272,0,0
290.2,-1,1,-0.6809528,0,0
290.3,-1,1,-0.7016726,0,0
290.4,-1,1,-0.7042071,0,0
290.5,-1,1,-0.6702996,0,0
290.6,-1,1,-0.6713125,0,0
290.7,-1,1,-0.6706915,0,0
290.8,-1,1,-0.6684499,0,0
290.9,-1,1,-0.6646053,0,0
291,-1,1,-0.6514885,0,0
291.1,-1,1,-0.6159328,0,0
291.2,-1,1,-0.5957316,0,0
291.3,-1,1,-0.5583722,0,0
291.4,-1,1,-0.5536327,0,0
291.5,-1,1,-0.5396246,0,0
291.6,-1,1,-0.5007145,0,0
291.7,-1,1,-0.4607984,0,0
291.8,-1,1,-0.4813,0,0
291.9,-1,1,-0.4664025,0,0
292,-1,1,-0.4614736,0,0
292.1,-1,1,-0.4208311,0,0
292.2,-1,1,-0.3793497,0,0
292.3,-1,1,-0.373677,0,0
292.4,-1,1,-0.3315181,0,0
292.5,-1,1,-0.3071082,0,0
292.6,-1,1,-0.3004143,0,0
292.7,-1,1,-0.3036377,0,0
292.8,-1,1,-0.3244516,0,0
292.9,-1,1,-0.3166046,0,0
293,-1,1,-0.2912284,0,0
293.1,-1,1,-0.2823655,0,0
293.2,-1,1,-0.2564141,0,0
293.3,-1,1,-0.2134873,0,0
293.4,-1,1,-0.1871195,0,0
293.5,-1,1,-0.1436222,0,0
293.6,-1,1,-0.09984301,0,0
293.7,-1,1,-0.0558691,0,0
293.8,-1,1,-0.01178744,0,0
293.9,0,1,0.01500611,0,0
294,0,1,0.02445862,0,0
294.1,0,1,0.0512109,0,0
294.2,0,1,0.09522178,0,0
294.3,0,1,0.1390425,0,0
294.4,0,1,0.1483368,0,0
294.5,0,1,0.1919043,0,0
294.6,0,1,0.2180981,0,0
294.7,0,1,0.2610764,0,0
294.8,0,1,0.2698302,0,0
294.9,0,1,0.3123374,0,0
295,0,1,0.3205045,0,0
295.1,0,1,0.3624477,0,0
295.2,0,1,0.4036663,0,0
295.3,0,1,0.4112211,0,0
295.4,0,1,0.4350093,0,0
295.5,0,1,0.4411263,0,0
295.6,0,1,0.46401,0,0
295.7,0,1,0.4864407,0,0
295.8,0,1,0.5083948,0,0
295.9,0,1,0.5298482,0,0
296,0,1,0.5327744,0,0
296.1,0,1,0.553102,0,0
296.2,0,1,0.5728758,0,0
296.3,0,1,0.6101559,0,0
296.4,0,1,0.6461915,0,0
296.5,0,1,0.6468474,0,0
296.6,0,1,0.6641821,0,0
296.7,0,1,0.6625174,0,0
296.8,0,1,0.6592172,0,0
296.9,0,1,0.6542779,0,0
297,0,1,0.6476998,0,0
297.1,0,1,0.6821206,0,0
297.2,0,1,0.6740205,0,0
297.3,0,1,0.6860615,0,0
297.4,0,1,0.6754401,0,0
297.5,0,1,0.6630839,0,0
297.6,0,1,0.6955263,0,0
297.7,0,1,0.726523,0,0
297.8,0,1,0.7559984,0,0
297.9,0,1,0.783878,0,0
298,1,1,0.8100888,0,0
298.1,1,1,0.8191121,0,0
298.2,1,1,0.8437078,0,0
298.3,1,1,0.8664772,0,0
298.4,1,1,0.8873539,0,0
298.5,1,1,0.8760084,0,0
298.6,1,1,0.8949305,0,0
298.7,1,1,0.9118603,0,0
298.8,1,1,0.9267394,0,0
298.9,1,1,0.9395125,0,0
299,1,1,0.9261051,0,0
299.1,1,1,0.9366794,0,0
299.2,1,1,0.9208685,0,0
299.3,1,1,0.9329947,0,0
299.4,1,1,0.9403036,0,0
299.5,1,1,0.9453946,0,0
299.6,1,1,0.9543786,0,0
299.7,1,1,0.9622971,0,0
299.8,1,1,0.9670249,0,0
299.9,1,1,0.9739205,0,0
300,1,1,0.9614646,0,0
300.1,1,1,0.9578555,0,0
300.2,1,1,0.9659423,0,0
300.3,1,1,0.9768881,0,0
300.4,1,1,0.9855735,0,0
300.5,1,1,0.9808972,0,0
300.6,1,1,0.9737604,0,0
300.7,1,1,0.980117,0,0
300.8,1,1,0.9869905,0,0
300.9,1,1,0.9910954,0,0
301,1,1,0.9948638,0,0
301.1,1,1,0.9974611,0,0
301.2,1,1,0.9927352,0,0
301.3,1,1,0.9920564,0,0
301.4,1,1,0.993448,0,0
301.5,1,1,0.9874021,0,0
301.6,1,1,0.9830096,0,0
301.7,1,1,0.9761533,0,0
301.8,1,1,0.9829648,0,0
301.9,1,1,0.9877337,0,0
302,1,1,0.9901437,0,0
302.1,1,1,0.986693,0,0
302.2,1,1,0.9772971,0,0
302.3,1,1,0.9817061,0,0
302.4,1,1,0.9897055,0,0
302.5,1,1,0.9897192,0,0
302.6,1,1,0.9954311,0,0
302.7,1,1,0.9895639,0,0
302.8,1,1,0.9811913,0,0
302.9,1,1,0.9809432,0,0
303,1,1,0.9782888,0,0
303.1,1,1,0.9732015,0,0
303.2,1,1,0.9621154,0,0
303.3,1,1,0.9485228,0,0
303.4,1,1,0.9407312,0,0
303.5,1,1,0.9535708,0,0
303.6,1,1,0.9642466,0,0
303.7,1,1,0.9541452,0,0
303.8,1,1,0.9425322,0,0
303.9,1,1,0.9518759,0,0
304,1,1,0.9590138,0,0
304.1,1,1,0.9699608,0,0
304.2,1,1,0.9620069,0,0
304.3,1,1,0.969348,0,0
304.4,1,1,0.957569,0,0
304.5,1,1,0.9494045,0,0
304.6,1,1,0.9387992,0,0
304.7,1,1,0.948374,0,0
304.8,1,1,0.9376613,0,0
304.9,1,1,0.9229497,0,0
305,1,1,0.9325325,0,0
305.1,1,1,0.9399634,0,0
305.2,1,1,0.9451952,0,0
305.3,1,1,0.9386515,0,0
305.4,1,1,0.9333329,0,0
305.5,1,1,0.9483644,0,0
305.6,1,1,0.9320695,0,0
305.7,1,1,0.9252825,0,0
305.8,1,1,0.9416099,0,0
305.9,1,1,0.9460176,0,0
306,1,1,0.9404299,0,0
306.1,1,1,0.9224962,0,0
306.2,1,1,0.9020346,0,0
306.3,1,1,0.9207925,0,0
306.4,1,1,0.9238248,0,0
306.5,1,1,0.940722,0,0
306.6,1,1,0.9416966,0,0
306.7,1,1,0.9232053,0,0
306.8,1,1,0.9403534,0,0
306.9,1,1,0.9390218,0,0
307,1,1,0.9353637,0,0
307.1,1,1,0.9293514,0,0
307.2,1,1,0.9398406,0,0
307.3,1,1,0.9326606,0,0
307.4,1,1,0.9230762,0,0
307.5,1,1,0.93738,0,0
307.6,1,1,0.9456117,0,0
307.7,1,1,0.9516605,0,0
307.8,1,1,0.9444151,0,0
307.9,1,1,0.9505212,0,0
308,1,1,0.963185,0,0
308.1,1,1,0.9672182,0,0
308.2,1,1,0.968949,0,0
308.3,1,1,0.9796612,0,0
308.4,1,1,0.9772783,0,0
308.5,1,1,0.9791662,0,0
308.6,1,1,0.9737693,0,0
308.7,1,1,0.9609398,0,0
308.8,1,1,0.9531078,0,0
308.9,1,1,0.9663998,0,0
309,1,1,0.9775598,0,0
309.1,1,1,0.9814261,0,0
309.2,1,1,0.9778237,0,0
309.3,1,1,0.9857044,0,0
309.4,1,1,0.9889393,0,0
309.5,1,1,0.9946288,0,0
309.6,1,1,0.9973904,0,0
309.7,1,1,0.999582,0,0
309.8,1,1,0.9993804,0,0
309.9,1,1,0.9991632,0,0
310,1,1,0.9970993,0,0
310.1,1,1,0.9985182,0,0
310.2,1,1,0.9975119,0,0
310.3,1,1,0.9935374,0,0
310.4,1,1,0.9913633,0,0
310.5,1,1,0.9835789,0,0
310.6,1,1,0.983185,0,0
310.7,1,1,0.9803648,0,0
310.8,1,1,0.9827049,0,0
310.9,1,1,0.9826788,0,0
311,1,1,0.9822215,0,0
311.1,1,1,0.9715196,0,0
311.2,1,1,0.9713572,0,0
311.3,1,1,0.9649229,0,0
311.4,1,1,0.9501538,0,0
311.5,1,1,0.9327368,0,0
311.6,1,1,0.9308629,0,0
311.7,1,1,0.9106338,0,0
311.8,1,1,0.8877492,0,0
311.9,1,1,0.8829608,0,0
312,1,1,0.8759087,0,0
312.1,1,1,0.8587647,0,0
312.2,1,1,0.8480877,0,0
312.3,1,1,0.8351178,0,0
312.4,1,1,0.8198439,0,0
312.5,1,1,0.8022624,0,0
312.6,0,1,0.7823766,0,0
312.7,0,1,0.7601989,0,0
312.8,0,1,0.7357503,0,0
312.9,0,1,0.7090616,0,0
313,0,1,0.6801733,0,0
313.1,0,1,0.6491364,0,0
313.2,0,1,0.6160126,0,0
313.3,0,1,0.5808747,0,0
313.4,0,1,0.543807,0,0
313.5,0,1,0.5049053,0,0
313.6,0,1,0.4642759,0,0
313.7,0,1,0.4220363,0,0
313.8,0,1,0.3783152,0,0
313.9,0,1,0.3332514,0,0
314,0,1,0.2869932,0,0
314.1,0,1,0.2460593,0,0
314.2,0,1,0.1982185,0,0
314.3,0,1,0.1496534,0,0
314.4,0,1,0.1005392,0,0
314.5,0,1,0.05105519,0,0
314.6,0,1,0.0013837,0,0
314.7,-1,1,-0.04829069,0,0
314.8,-1,1,-0.09778428,0,0
314.9,-1,1,-0.1469145,0,0
315,-1,1,-0.1955012,0,0
315.1,-1,1,-0.2433691,0,0
315.2,-1,1,-0.2903478,0,0
315.3,-1,1,-0.2707528,0,0
315.4,-1,1,-0.3166992,0,0
315.5,-1,1,-0.3615081,0,0
315.6,-1,1,-0.405031,0,0
315.7,-1,1,-0.447128,0,0
315.8,-1,1,-0.4876696,0,0
315.9,-1,1,-0.4967037,0,0
316,-1,1,-0.534727,0,0
316.1,-1,1,-0.5709522,0,0
316.2,-1,1,-0.6045411,0,0
316.3,-1,1,-0.6376244,0,0
316.4,-1,1,-0.6686513,0,0
316.5,0,0,0,0,0
316.5,0,0,0.7211382,0,0
316.5,2,0,0.8705953,1,0
316.5,0,0,0.5962185,0,0
316.5,0,0,0.4160756,0,0
316.5,0,0,0.7946807,0,0
316.6,0,0,0,0,0
316.6,2,0,0.8544908,1,0
316.6,0,0,0.6960527,0,0
316.6,0,0,0.5830057,0,0
316.6,0,0,0.4316689,0,0
316.6,2,0,0.8404401,1,0
316.7,0,0,0,0,0
316.7,2,0,0.8516909,1,0
316.7,0,0,0.6878961,0,0
316.7,0,0,0.5962241,0,0
316.7,2,0,0.8558977,1,0
316.7,0,0,0.4686287,0,0
316.8,0,0,0,0,0
316.8,2,0,0.8166683,1,0
316.8,0,0,0.6409912,0,0
316.8,0,0,0.5513708,0,0
316.8,2,0,0.8329732,1,0
316.8,0,0,0.460144,0,0
316.9,0,0,0,0,0
316.9,2,0,0.8107739,1,0
316.9,0,0,0.6301526,0,0
316.9,0,0,0.5612953,0,0
316.9,2,0,0.8458236,1,0
316.9,0,0,0.4957681,0,0
317,0,0,0,0,0
317,2,0,0.8029304,1,0
317,0,0,0.6176304,0,0
317,0,0,0.5692957,0,0
317,2,0,0.8569633,1,0
317,0,0,0.5307882,0,0
317.1,0,0,0,0,0
317.1,2,0,0.8230157,1,0
317.1,0,0,0.6452278,0,0
317.1,0,0,0.5895018,0,0
317.1,2,0,0.8688983,1,0
317.1,0,0,0.5268463,0,0
317.2,0,0,0,0,0
317.2,2,0,0.8130463,1,0
317.2,0,0,0.6366085,0,0
317.2,0,0,0.5538023,0,0
317.2,2,0,0.844008,1,0
317.2,0,0,0.4776361,0,0
317.3,0,0,0,0,0
317.3,0,0,0.7900124,0,0
317.3,0,0,0.6057981,0,0
317.3,0,0,0.5325533,0,0
317.3,2,0,0.8363839,1,0
317.3,0,0,0.4903297,0,0
317.4,0,0,0,0,0
317.4,0,0,0.7808446,0,0
317.4,0,0,0.5920492,0,0
317.4,0,0,0.5377753,0,0
317.4,2,0,0.8460424,1,0
317.4,0,0,0.5253481,0,0
317.5,0,0,0,0,0
317.5,0,0,0.7702399,0,0
317.5,0,0,0.5805856,0,0
317.5,0,0,0.5217538,0,0
317.5,2,0,0.8379739,1,0
317.5,0,0,0.5183672,0,0
317.6,0,0,0,0,0
317.6,0,0,0.7582427,0,0
317.6,0,0,0.5650156,0,0
317.6,0,0,0.524084,0,0
317.6,2,0,0.8455363,1,0
317.6,0,0,0.5525893,0,0
317.7,0,0,0,0,0
317.7,0,0,0.7439216,0,0
317.7,0,0,0.5478741,0,0
317.7,0,0,0.5244385,0,0
317.7,2,0,0.8512745,1,0
317.7,0,0,0.5857693,0,0
317.8,0,0,0,0,0
317.8,0,0,0.7126125,0,0
317.8,0,0,0.5118145,0,0
317.8,0,0,0.4952513,0,0
317.8,2,0,0.8374318,1,0
317.8,0,0,0.594613,0,0
317.9,0,0,0,0,0
317.9,0,0,0.6946941,0,0
317.9,0,0,0.4921579,0,0
317.9,0,0,0.4920589,0,0
317.9,2,0,0.8398376,1,0
317.9,0,0,0.6253998,0,0
318,0,0,0,0,0
318,0,0,0.6750377,0,0
318,0,0,0.4712406,0,0
318,0,0,0.4873379,0,0
318,2,0,0.8402401,1,0
318,0,0,0.6545051,0,0
318.1,0,0,0,0,0
318.1,0,0,0.6536971,0,0
318.1,0,0,0.4491741,0,0
318.1,0,0,0.4810338,0,0
318.1,2,0,0.8386275,1,0
318.1,0,0,0.6823219,0,0
318.2,0,0,0,0,0
318.2,0,0,0.6161902,0,0
318.2,0,0,0.4092021,0,0
318.2,0,0,0.4461433,0,0
318.2,2,0,0.8184065,1,0
318.2,0,0,0.6864426,0,0
318.3,0,0,0,0,0
318.3,0,0,0.5765408,0,0
318.3,0,0,0.3679164,0,0
318.3,0,0,0.4094764,0,0
318.3,0,0,0.79607,0,0
318.3,2,0,0.9796166,1,0
318.4,0,0,0,0,0
318.4,0,0,0.5499387,0,0
318.4,0,0,0.3428711,0,0
318.4,0,0,0.3982952,0,0
318.4,0,0,0.7890805,0,0
318.4,2,0,0.9810315,1,0
318.5,0,0,0,0,0
318.5,0,0,0.5212182,0,0
318.5,0,0,0.3171801,0,0
318.5,0,0,0.385681,0,0
318.5,0,0,0.7801944,0,0
318.5,2,0,0.979363,1,0
318.6,0,0,0,0,0
318.6,0,0,0.4760182,0,0
318.6,0,0,0.2741625,0,0
318.6,0,0,0.7527161,0,0
318.6,0,0,0.3451408,0,0
318.6,2,0,0.9697171,1,0
318.7,0,0,0,0,0
318.7,0,0,0.4440595,0,0
318.7,0,0,0.2478012,0,0
318.7,0,0,0.7400554,0,0
318.7,0,0,0.3302201,0,0
318.7,2,0,0.9623136,1,0
318.8,0,0,0,0,0
318.8,0,0,0.3936251,0,0
318.8,0,0,0.2041665,0,0
318.8,0,0,0.7088221,0,0
318.8,0,0,0.2877807,0,0
318.8,2,0,0.9473122,1,0
318.9,0,0,0,0,0
318.9,0,0,0.3406434,0,0
318.9,0,0,0.16014,0,0
318.9,0,0,0.6754151,0,0
318.9,0,0,0.2444022,0,0
318.9,2,0,0.9292769,1,0
319,0,0,0,0,0
319,0,0,0.3146376,0,0
319,0,0,0.1454298,0,0
319,0,0,0.65946,0,0
319,0,0,0.2209399,0,0
319,2,0,0.9212481,1,0
319.1,0,0,0,0,0
319.1,0,0,0.3331115,0,0
319.1,0,0,0.1775743,0,0
319.1,0,0,0.6799989,0,0
319.1,0,0,0.2450065,0,0
319.1,2,0,0.9302832,1,0
319.2,0,0,0,0,0
319.2,0,0,0.2865302,0,0
319.2,0,0,0.1442005,0,0
319.2,0,0,0.6447344,0,0
319.2,0,0,0.1943022,0,0
319.2,2,0,0.9166749,1,0
319.3,0,0,0,0,0
319.3,0,0,0.2077523,0,0
319.3,0,0,0.07986105,0,0
319.3,0,0,0.5874088,0,0
319.3,0,0,0.1221822,0,0
319.3,2,0,0.8865668,1,0
319.4,0,0,0,0,0
319.4,0,0,0.2018767,0,0
319.4,0,0,0.09228585,0,0
319.4,0,0,0.5866966,0,0
319.4,0,0,0.1189116,0,0
319.4,2,0,0.8896562,1,0
319.5,0,0,0,0,0
319.5,0,0,0.1572394,0,0
319.5,0,0,0.06441464,0,0
319.5,0,0,0.5672328,0,0
319.5,0,0,0.1018815,0,0
319.5,2,0,0.8706303,1,0
319.6,0,0,0,0,0
319.6,0,0,0.1386209,0,0
319.6,0,0,0.0656087,0,0
319.6,0,0,0.5656933,0,0
319.6,2,0,0.8648641,1,0
319.6,0,0,0.1056726,0,0
319.7,0,0,0,0,0
319.7,0,0,0.07690458,0,0
319.7,0,0,0.02859357,0,0
319.7,0,0,0.5203524,0,0
319.7,2,0,0.8443129,1,0
319.7,0,0,0.05406174,0,0
319.8,0,0,0,0,0
319.8,0,0,0.01133657,0,0
319.8,-1,0,-0.008997127,0,0
319.8,0,0,0.4714393,0,0
319.8,2,0,0.8207653,1,0
319.8,0,0,0.002421149,0,0
319.9,0,0,0,0,0
319.9,-1,0,-0.03956642,0,0
319.9,-1,0,-0.03686467,0,0
319.9,0,0,0.4462892,0,0
319.9,0,0,0.7947013,0,0
319.9,-1,0,-0.01416485,0,0
320,0,0,0,0,0
320,-1,0,-0.0834811,0,0
320,-1,0,-0.04625362,0,0
320,0,0,0.4136977,0,0
320,0,0,0.7867287,0,0
320,-1,0,-0.0441689,0,0
320.1,0,0,0,0,0
320.1,-1,0,-0.1085756,0,0
320.1,-1,0,-0.03623812,0,0
320.1,0,0,0.4023553,0,0
320.1,0,0,0.7873779,0,0
320.1,0,0,0.5212216,0,0
320.2,0,0,0,0,0
320.2,-1,0,-0.2103299,0,0
320.2,-1,0,-0.1040665,0,0
320.2,0,0,0.3226176,0,0
320.2,0,0,0.7368842,0,0
320.2,0,0,0.4637622,0,0
320.3,0,0,0,0,0
320.3,-1,0,-0.2645193,0,0
320.3,-1,0,-0.1239519,0,0
320.3,0,0,0.2860214,0,0
320.3,0,0,0.7150784,0,0
320.3,0,0,0.4384636,0,0
320.4,0,0,0,0,0
320.4,-1,0,-0.3434488,0,0
320.4,-1,0,-0.1641363,0,0
320.4,0,0,0.2203803,0,0
320.4,0,0,0.6787029,0,0
320.4,0,0,0.3801863,0,0
320.5,0,0,0,0,0
320.5,-1,0,-0.4210229,0,0
320.5,-1,0,-0.2125465,0,0
320.5,0,0,0.1584541,0,0
320.5,0,0,0.6308978,0,0
320.5,0,0,0.3454175,0,0
320.6,0,0,0,0,0
320.6,-1,0,-0.4542809,0,0
320.6,-1,0,-0.2053522,0,0
320.6,0,0,0.1363131,0,0
320.6,0,0,0.6272044,0,0
320.6,0,0,0.3236272,0,0
320.7,0,0,0,0,0
320.7,-1,0,-0.5487599,0,0
320.7,-1,0,-0.2735009,0,0
320.7,0,0,0.04281428,0,0
320.7,0,0,0.5602983,0,0
320.7,0,0,0.2541882,0,0
320.8,0,0,0,0,0
320.8,-1,0,-0.6017392,0,0
320.8,-1,0,-0.2875142,0,0
320.8,-1,0,-0.01097731,0,0
320.8,0,0,0.5382149,0,0
320.8,0,0,0.1986542,0,0
320.9,0,0,0,0,0
320.9,-1,0,-0.6432824,0,0
320.9,-1,0,-0.3159697,0,0
320.9,-1,0,-0.05065315,0,0
320.9,0,0,0.4988987,0,0
320.9,0,0,0.1925826,0,0
321,0,0,0,0,0
321,-1,0,-0.7067085,0,0
321,-1,0,-0.3582574,0,0
321,-1,0,-0.1264046,0,0
321,0,0,0.4495163,0,0
321,0,0,0.1282566,0,0
321.1,0,0,0,0,0
321.1,-1,0,-0.724625,0,0
321.1,-1,0,-0.3607648,0,0
321.1,-1,0,-0.1454204,0,0
321.1,0,0,0.4338168,0,0
321.1,0,0,0.1302641,0,0
321.2,0,0,0,0,0
321.2,-1,0,-0.759877,0,0
321.2,-1,0,-0.3826759,0,0
321.2,0,0,0.4004229,0,0
321.2,-1,0,-0.1924705,0,0
321.2,0,0,0.09964921,0,0
321.3,0,0,0,0,0
321.3,-1,0,-0.7909036,0,0
321.3,0,0,0.3663231,0,0
321.3,-1,0,-0.4045978,0,0
321.3,-1,0,-0.2389502,0,0
321.3,0,0,0.06982765,0,0
321.4,0,0,0,0,0
321.4,-1,0,-0.8179749,0,0
321.4,0,0,0.3316921,0,0
321.4,-1,0,-0.4269407,0,0
321.4,-1,0,-0.2842998,0,0
321.4,0,0,0.04067773,0,0
321.5,0,0,0,0,0
321.5,-1,0,-0.8589269,0,0
321.5,0,0,0.2779805,0,0
321.5,-1,0,-0.4686526,0,0
321.5,-1,0,-0.3555122,0,0
321.5,-1,0,-0.02084104,0,0
321.6,0,0,0,0,0
321.6,-1,0,-0.8820487,0,0
321.6,0,0,0.2140092,0,0
321.6,-1,0,-0.5128745,0,0
321.6,-1,0,-0.4146967,0,0
321.6,-1,0,-0.06011552,0,0
321.7,0,0,0,0,0
321.7,-1,0,-0.9112497,0,0
321.7,0,0,0.1584422,0,0
321.7,-1,0,-0.553136,0,0
321.7,-1,0,-0.480179,0,0
321.7,-1,0,-0.1194391,0,0
321.8,0,0,0,0,0
321.8,-1,0,-0.9071376,0,0
321.8,0,0,0.169923,0,0
321.8,-1,0,-0.5326673,0,0
321.8,-1,0,-0.4757413,0,0
321.8,-1,0,-0.1002011,0,0
321.9,0,0,0,0,0
321.9,-1,0,-0.9044263,0,0
321.9,0,0,0.1532896,0,0
321.9,-1,0,-0.5341398,0,0
321.9,-1,0,-0.4869741,0,0
321.9,-1,0,-0.09281278,0,0
322,0,0,0,0,0
322,-1,0,-0.9011332,0,0
322,0,0,0.1657534,0,0
322,-1,0,-0.5138548,0,0
322,-1,0,-0.4813561,0,0
322,-1,0,-0.07175883,0,0
322.1,0,0,0,0,0
322.1,0,0,0.1022991,0,0
322.1,-1,0,-0.9102679,0,0
322.1,-1,0,-0.5567349,0,0
322.1,-1,0,-0.5313606,0,0
322.1,-1,0,-0.1089945,0,0
322.2,0,0,0,0,0
322.2,0,0,0.05809793,0,0
322.2,-1,0,-0.9002916,0,0
322.2,-1,0,-0.5769085,0,0
322.2,-1,0,-0.5517715,0,0
322.2,0,0,0.4035883,0,0
322.3,0,0,0,0,0
322.3,0,0,0.0431297,0,0
322.3,-1,0,-0.8929783,0,0
322.3,-1,0,-0.5764804,0,0
322.3,-1,0,-0.5563797,0,0
322.3,0,0,0.3963102,0,0
322.4,0,0,0,0,0
322.4,-1,0,-0.01946986,0,0
322.4,-1,0,-0.8925203,0,0
322.4,-1,0,-0.6150452,0,0
322.4,-1,0,-0.5970203,0,0
322.4,0,0,0.3482881,0,0
322.5,0,0,0,0,0
322.5,-1,0,-0.06122962,0,0
322.5,-1,0,-0.8751085,0,0
322.5,-1,0,-0.6301007,0,0
322.5,-1,0,-0.6080132,0,0
322.5,0,0,0.3083943,0,0
322.6,0,0,0,0,0
322.6,-1,0,-0.09295561,0,0
322.6,-1,0,-0.8794973,0,0
322.6,-1,0,-0.6489342,0,0
322.6,0,0,0.2906031,0,0
322.6,-1,0,-0.6326918,0,0
322.7,0,0,0,0,0
322.7,-1,0,-0.1038016,0,0
322.7,-1,0,-0.8707081,0,0
322.7,-1,0,-0.6458967,0,0
322.7,0,0,0.2820749,0,0
322.7,-1,0,-0.630656,0,0
322.8,0,0,0,0,0
322.8,-1,0,-0.1537469,0,0
322.8,-1,0,-0.8862774,0,0
322.8,-1,0,-0.6853208,0,0
322.8,0,0,0.2545547,0,0
322.8,-1,0,-0.6781397,0,0
322.9,0,0,0,0,0
322.9,-1,0,-0.2302199,0,0
322.9,-1,0,-0.8844126,0,0
322.9,-1,0,-0.7365424,0,0
322.9,0,0,0.1936053,0,0
322.9,-1,0,-0.7281169,0,0
323,0,0,0,0,0
323,-1,0,-0.2843876,0,0
323,-1,0,-0.8694613,0,0
323,0,0,0.1419141,0,0
323,-1,0,-0.7651478,0,0
323,-1,0,-0.7497528,0,0
323.1,0,0,0,0,0
323.1,-1,0,-0.2830566,0,0
323.1,-1,0,-0.8837012,0,0
323.1,0,0,0.1556218,0,0
323.1,-1,0,-0.7677304,0,0
323.1,-1,0,-0.7604479,0,0
323.2,0,0,0,0,0
323.2,-1,0,-0.8971931,0,0
323.2,-1,0,-0.2811316,0,0
323.2,0,0,0.1691049,0,0
323.2,-1,0,-0.7697553,0,0
323.2,-1,0,-0.7703711,0,0
323.3,0,0,0,0,0
323.3,-1,0,-0.9014094,0,0
323.3,-1,0,-0.3247342,0,0
323.3,0,0,0.1387811,0,0
323.3,-1,0,-0.8010809,0,0
323.3,-1,0,-0.8047976,0,0
323.4,0,0,0,0,0
323.4,-1,0,-0.8877329,0,0
323.4,0,0,0.07503127,0,0
323.4,-1,0,-0.3933484,0,0
323.4,-1,0,-0.8415921,0,0
323.4,-1,0,-0.8389211,0,0
323.5,0,0,0,0,0
323.5,0,0,0.01058155,0,0
323.5,-1,0,-0.8702547,0,0
323.5,-1,0,-0.4589951,0,0
323.5,-1,0,-0.8773186,0,0
323.5,-1,0,-0.8675251,0,0
323.6,0,0,0,0,0
323.6,-1,0,-0.04260296,0,0
323.6,-1,0,-0.8494327,0,0
323.6,-1,0,-0.5035366,0,0
323.6,-1,0,-0.896227,0,0
323.6,-1,0,-0.8745326,0,0
323.7,0,0,0,0,0
323.7,-1,0,-0.02997349,0,0
323.7,-1,0,-0.8647711,0,0
323.7,-1,0,-0.4977003,0,0
323.7,-1,0,-0.895699,0,0
323.7,-1,0,-0.8813068,0,0
323.8,0,0,0,0,0
323.8,-1,0,-0.0829818,0,0
323.8,-1,0,-0.8443081,0,0
323.8,-1,0,-0.5393128,0,0
323.8,-1,0,-0.9131334,0,0
323.8,-1,0,-0.885727,0,0
323.9,0,0,0,0,0
323.9,-1,0,-0.1236931,0,0
323.9,-1,0,-0.8244995,0,0
323.9,-1,0,-0.5605199,0,0
323.9,-1,0,-0.9169931,0,0
323.9,-1,0,-0.871251,0,0
324,0,0,0,0,0
324,-1,0,-0.1757541,0,0
324,-1,0,-0.804506,0,0
324,-1,0,-0.5973721,0,0
324,-1,0,-0.9308857,0,0
324,-1,0,-0.8709341,0,0
324.1,0,0,0,0,0
324.1,-1,0,-0.2391196,0,0
324.1,-1,0,-0.7827132,0,0
324.1,-1,0,-0.6492676,0,0
324.1,-1,0,-0.952865,0,0
324.1,-1,0,-0.8835313,0,0
324.2,0,0,0,0,0
324.2,-1,0,-0.2773945,0,0
324.2,-1,0,-0.7653768,0,0
324.2,-1,0,-0.9527063,0,0
324.2,-1,0,-0.6641095,0,0
324.2,-1,0,-0.8627929,0,0
324.3,0,0,0,0,0
324.3,-1,0,-0.3389418,0,0
324.3,-1,0,-0.7430025,0,0
324.3,-1,0,-0.9697616,0,0
324.3,-1,0,-0.7110798,0,0
324.3,-1,0,-0.8700943,0,0
324.4,0,0,0,0,0
324.4,-1,0,-0.3264473,0,0
324.4,-1,0,-0.7693815,0,0
324.4,-1,0,-0.9711317,0,0
324.4,-1,0,-0.7027323,0,0
324.4,-1,0,-0.8801388,0,0
324.5,0,0,0,0,0
324.5,-1,0,-0.3138456,0,0
324.5,-1,0,-0.7943879,0,0
324.5,-1,0,-0.9708776,0,0
324.5,-1,0,-0.693486,0,0
324.5,-1,0,-0.8895258,0,0
324.6,0,0,0,0,0
324.6,-1,0,-0.3623958,0,0
324.6,-1,0,-0.777276,0,0
324.6,-1,0,-0.9784634,0,0
324.6,-1,0,-0.721586,0,0
324.6,-1,0,-0.8811144,0,0
324.7,0,0,0,0,0
324.7,-1,0,-0.4095888,0,0
324.7,-1,0,-0.760497,0,0
324.7,-1,0,-0.984481,0,0
324.7,-1,0,-0.7477742,0,0
324.7,0,0,0.342786,0,0
324.8,0,0,0,0,0
324.8,-1,0,-0.4087172,0,0
324.8,-1,0,-0.7805443,0,0
324.8,-1,0,-0.9881195,0,0
324.8,-1,0,-0.7537413,0,0
324.8,0,0,0.32289,0,0
324.9,0,0,0,0,0
324.9,-1,0,-0.4255313,0,0
324.9,-1,0,-0.7856896,0,0
324.9,-1,0,-0.9893902,0,0
324.9,-1,0,-0.7616376,0,0
324.9,0,0,0.3045592,0,0
325,0,0,0,0,0
325,-1,0,-0.4420834,0,0
325,-1,0,-0.7915538,0,0
325,-1,0,-0.9902222,0,0
325,-1,0,-0.7694128,0,0
325,0,0,0.2854039,0,0
325.1,0,0,0,0,0
325.1,-1,0,-0.4695945,0,0
325.1,-1,0,-0.7891124,0,0
325.1,-1,0,-0.9919341,0,0
325.1,-1,0,-0.7904515,0,0
325.1,0,0,0.2398627,0,0
325.2,0,0,0,0,0
325.2,-1,0,-0.4854233,0,0
325.2,-1,0,-0.7959578,0,0
325.2,-1,0,-0.9913028,0,0
325.2,-1,0,-0.7969863,0,0
325.2,0,0,0.2188845,0,0
325.3,0,0,0,0,0
325.3,-1,0,-0.4895522,0,0
325.3,-1,0,-0.8129182,0,0
325.3,-1,0,-0.990068,0,0
325.3,-1,0,-0.7899044,0,0
325.3,0,0,0.223707,0,0
325.4,0,0,0,0,0
325.4,-1,0,-0.5434108,0,0
325.4,-1,0,-0.7929049,0,0
325.4,-1,0,-0.9933398,0,0
325.4,0,0,0.1535352,0,0
325.4,-1,0,-0.8248521,0,0
325.5,0,0,0,0,0
325.5,-1,0,-0.5947923,0,0
325.5,-1,0,-0.7729424,0,0
325.5,-1,0,-0.9933282,0,0
325.5,0,0,0.08172446,0,0
325.5,-1,0,-0.8564481,0,0
325.6,0,0,0,0,0
325.6,-1,0,-0.5716795,0,0
325.6,-1,0,-0.8130144,0,0
325.6,-1,0,-0.9898542,0,0
325.6,0,0,0.1073883,0,0
325.6,-1,0,-0.8350853,0,0
325.7,0,0,0,0,0
325.7,-1,0,-0.5854362,0,0
325.7,-1,0,-0.8230742,0,0
325.7,-1,0,-0.9877017,0,0
325.7,0,0,0.08391538,0,0
325.7,-1,0,-0.8401401,0,0
325.8,0,0,0,0,0
325.8,-1,0,-0.6348618,0,0
325.8,-1,0,-0.8053549,0,0
325.8,-1,0,-0.9864897,0,0
325.8,0,0,0.01104343,0,0
325.8,-1,0,-0.8701842,0,0
325.9,0,0,0,0,0
325.9,-1,0,-0.6476483,0,0
325.9,-1,0,-0.8171091,0,0
325.9,-1,0,-0.9837697,0,0
325.9,-1,0,-0.01333428,0,0
325.9,-1,0,-0.8742875,0,0
326,0,0,0,0,0
326,-1,0,-0.6249528,0,0
326,-1,0,-0.8552366,0,0
326,-1,0,-0.9797451,0,0
326,0,0,0.01071371,0,0
326,-1,0,-0.8538311,0,0
326.1,0,0,0,0,0
326.1,-1,0,-0.6375692,0,0
326.1,-1,0,-0.8653818,0,0
326.1,-1,0,-0.9767385,0,0
326.1,-1,0,-0.01456503,0,0
326.1,-1,0,-0.85833,0,0
326.2,0,0,0,0,0
326.2,-1,0,-0.6139605,0,0
326.2,-1,0,-0.8977239,0,0
326.2,0,0,0.009132965,0,0
326.2,-1,0,-0.9701656,0,0
326.2,-1,0,-0.836769,0,0
326.3,0,0,0,0,0
326.3,-1,0,-0.9012483,0,0
326.3,-1,0,-0.6127828,0,0
326.3,-1,0,-0.02099942,0,0
326.3,-1,0,-0.9541666,0,0
326.3,-1,0,-0.8385569,0,0
326.4,0,0,0,0,0
326.4,-1,0,-0.9005343,0,0
326.4,-1,0,-0.6497033,0,0
326.4,-1,0,-0.06917661,0,0
326.4,-1,0,-0.9594268,0,0
326.4,-1,0,-0.8899983,0,0
326.5,0,0,0,0,0
326.5,-1,0,-0.9076709,0,0
326.5,-1,0,-0.661338,0,0
326.5,-1,0,-0.09556516,0,0
326.5,-1,0,-0.9558131,0,0
326.5,-1,0,-0.8893982,0,0
326.6,0,0,0,0,0
326.6,-1,0,-0.9081008,0,0
326.6,-1,0,-0.6957957,0,0
326.6,-1,0,-0.1448701,0,0
326.6,-1,0,-0.9606592,0,0
326.6,-1,0,-0.874054,0,0
326.7,0,0,0,0,0
326.7,-1,0,-0.9089056,0,0
326.7,-1,0,-0.7280743,0,0
326.7,-1,0,-0.1947807,0,0
326.7,-1,0,-0.9648904,0,0
326.7,-1,0,-0.8578419,0,0
326.8,0,0,0,0,0
326.8,-1,0,-0.9225523,0,0
326.8,-1,0,-0.7470655,0,0
326.8,-1,0,-0.2189456,0,0
326.8,-1,0,-0.9739014,0,0
326.8,-1,0,-0.8337466,0,0
326.9,0,0,0,0,0
326.9,-1,0,-0.9177053,0,0
326.9,-1,0,-0.2736726,0,0
326.9,-1,0,-0.7668818,0,0
326.9,-1,0,-0.9655769,0,0
326.9,-1,0,-0.8414745,0,0
327,0,0,0,0,0
327,-1,0,-0.9318692,0,0
327,-1,0,-0.29777,0,0
327,-1,0,-0.7830414,0,0
327,-1,0,-0.9748246,0,0
327,-1,0,-0.8172157,0,0
327.1,0,0,0,0,0
327.1,-1,0,-0.9492047,0,0
327.1,-1,0,-0.300364,0,0
327.1,-1,0,-0.7787756,0,0
327.1,-1,0,-0.9769901,0,0
327.1,-1,0,-0.8108789,0,0
327.2,0,0,0,0,0
327.2,-1,0,-0.9637287,0,0
327.2,-1,0,-0.3031645,0,0
327.2,-1,0,-0.7735011,0,0
327.2,-1,0,-0.9782255,0,0
327.2,-1,0,-0.8041711,0,0
327.3,0,0,0,0,0
327.3,-1,0,-0.3318221,0,0
327.3,-1,0,-0.9675609,0,0
327.3,-1,0,-0.7807498,0,0
327.3,-1,0,-0.9759567,0,0
327.3,-1,0,-0.8065504,0,0
327.4,0,0,0,0,0
327.4,-1,0,-0.3392203,0,0
327.4,-1,0,-0.9708551,0,0
327.4,-1,0,-0.7700995,0,0
327.4,-1,0,-0.9658719,0,0
327.4,-1,0,-0.8271339,0,0
327.5,0,0,0,0,0
327.5,-1,0,-0.3702549,0,0
327.5,-1,0,-0.9617583,0,0
327.5,-1,0,-0.7712973,0,0
327.5,-1,0,-0.9502915,0,0
327.5,-1,0,-0.8547138,0,0
327.6,0,0,0,0,0
327.6,-1,0,-0.3757739,0,0
327.6,-1,0,-0.9583621,0,0
327.6,-1,0,-0.7596363,0,0
327.6,-1,0,-0.9371529,0,0
327.6,-1,0,-0.8727944,0,0
327.7,0,0,0,0,0
327.7,-1,0,-0.4033505,0,0
327.7,-1,0,-0.9428583,0,0
327.7,-1,0,-0.7590511,0,0
327.7,-1,0,-0.9175419,0,0
327.7,-1,0,-0.8964571,0,0
327.8,0,0,0,0,0
327.8,-1,0,-0.4282823,0,0
327.8,-1,0,-0.9245206,0,0
327.8,-1,0,-0.7567828,0,0
327.8,-1,0,-0.8955952,0,0
327.8,-1,0,-0.9174635,0,0
327.9,0,0,0,0,0
327.9,-1,0,-0.4762485,0,0
327.9,-1,0,-0.9317401,0,0
327.9,-1,0,-0.7840719,0,0
327.9,-1,0,-0.9069753,0,0
327.9,-1,0,-0.9059028,0,0
328,0,0,0,0,0
328,-1,0,-0.4773192,0,0
328,-1,0,-0.922262,0,0
328,-1,0,-0.7712733,0,0
328,-1,0,-0.8911823,0,0
328,-1,0,-0.9212788,0,0
328.1,0,0,0,0,0
328.1,-1,0,-0.5231665,0,0
328.1,-1,0,-0.9301755,0,0
328.1,-1,0,-0.7972532,0,0
328.1,-1,0,-0.9030034,0,0
328.1,-1,0,-0.910377,0,0
328.2,0,0,0,0,0
328.2,-1,0,-0.5404191,0,0
328.2,-1,0,-0.90966,0,0
328.2,-1,0,-0.7933113,0,0
328.2,-1,0,-0.8797663,0,0
328.2,-1,0,-0.9299563,0,0
328.3,0,0,0,0,0
328.3,-1,0,-0.5833703,0,0
328.3,-1,0,-0.9188581,0,0
328.3,-1,0,-0.8179785,0,0
328.3,-1,0,-0.892279,0,0
328.3,-1,0,-0.9196668,0,0
328.4,0,0,0,0,0
328.4,-1,0,-0.5796173,0,0
328.4,-1,0,-0.9073598,0,0
328.4,-1,0,-0.805033,0,0
328.4,-1,0,-0.8761544,0,0
328.4,-1,0,-0.9349286,0,0
328.5,0,0,0,0,0
328.5,-1,0,-0.5898858,0,0
328.5,-1,0,-0.8848792,0,0
328.5,-1,0,-0.7992939,0,0
328.5,-1,0,-0.8510001,0,0
328.5,-1,0,-0.9514476,0,0
328.6,0,0,0,0,0
328.6,-1,0,-0.5914897,0,0
328.6,-1,0,-0.8933991,0,0
328.6,-1,0,-0.7972979,0,0
328.6,-1,0,-0.8574062,0,0
328.6,-1,0,-0.9509081,0,0
328.7,0,0,0,0,0
328.7,-1,0,-0.568736,0,0
328.7,-1,0,-0.8860897,0,0
328.7,-1,0,-0.7748629,0,0
328.7,-1,0,-0.8456045,0,0
328.7,-1,0,-0.9587514,0,0
328.8,0,0,0,0,0
328.8,-1,0,-0.6225704,0,0
328.8,-1,0,-0.8917927,0,0
328.8,-1,0,-0.8086008,0,0
328.8,-1,0,-0.8551077,0,0
328.8,-1,0,-0.9558654,0,0
328.9,0,0,0,0,0
328.9,-1,0,-0.6227154,0,0
328.9,-1,0,-0.8981848,0,0
328.9,-1,0,-0.80553,0,0
328.9,-1,0,-0.8604894,0,0
328.9,-1,0,-0.9545701,0,0
329,0,0,0,0,0
329,-1,0,-0.6589624,0,0
329,-1,0,-0.9109494,0,0
329,-1,0,-0.8288064,0,0
329,-1,0,-0.8759624,0,0
329,-1,0,-0.9477478,0,0
329.1,0,0,0,0,0
329.1,-1,0,-0.6711935,0,0
329.1,-1,0,-0.9103553,0,0
329.1,-1,0,-0.8335806,0,0
329.1,-1,0,-0.8751636,0,0
329.1,-1,0,-0.950976,0,0
329.2,0,0,0,0,0
329.2,-1,0,-0.704887,0,0
329.2,-1,0,-0.9226944,0,0
329.2,-1,0,-0.8546752,0,0
329.2,-1,0,-0.8898957,0,0
329.2,-1,0,-0.9442474,0,0
329.3,0,0,0,0,0
329.3,-1,0,-0.736304,0,0
329.3,-1,0,-0.9341637,0,0
329.3,-1,0,-0.873848,0,0
329.3,-1,0,-0.9037402,0,0
329.3,-1,0,-0.9372969,0,0
329.4,0,0,0,0,0
329.4,-1,0,-0.7242823,0,0
329.4,-1,0,-0.9219251,0,0
329.4,-1,0,-0.8620441,0,0
329.4,-1,0,-0.8884827,0,0
329.4,-1,0,-0.9517465,0,0
329.5,0,0,0,0,0
329.5,-1,0,-0.7223019,0,0
329.5,-1,0,-0.9258096,0,0
329.5,-1,0,-0.8568026,0,0
329.5,-1,0,-0.8921633,0,0
329.5,-1,0,-0.9501975,0,0
329.6,0,0,0,0,0
329.6,-1,0,-0.7615851,0,0
329.6,-1,0,-0.9341525,0,0
329.6,-1,0,-0.8832532,0,0
329.6,-1,0,-0.9023546,0,0
329.6,-1,0,-0.9493343,0,0
329.7,0,0,0,0,0
329.7,-1,0,-0.7889071,0,0
329.7,-1,0,-0.9452867,0,0
329.7,-1,0,-0.8993233,0,0
329.7,-1,0,-0.9159105,0,0
329.7,-1,0,-0.9431506,0,0
329.8,0,0,0,0,0
329.8,-1,0,-0.803336,0,0
329.8,-1,0,-0.9410099,0,0
329.8,-1,0,-0.9084812,0,0
329.8,-1,0,-0.9109775,0,0
329.8,-1,0,-0.9514458,0,0
329.9,0,0,0,0,0
329.9,-1,0,-0.827567,0,0
329.9,-1,0,-0.9516508,0,0
329.9,-1,0,-0.9226813,0,0
329.9,-1,0,-0.9239444,0,0
329.9,-1,0,-0.9453879,0,0
330,0,0,0,0,0
330,-1,0,-0.8431792,0,0
330,-1,0,-0.9647976,0,0
330,-1,0,-0.9284957,0,0
330,-1,0,-0.9402459,0,0
330,-1,0,-0.9351091,0,0
330.1,0,0,0,0,0
330.1,-1,0,-0.8537306,0,0
330.1,-1,0,-0.9364919,0,0
330.1,-1,0,-0.9613099,0,0
330.1,-1,0,-0.9361027,0,0
330.1,-1,0,-0.9442531,0,0
330.2,0,0,0,0,0
330.2,-1,0,-0.8511771,0,0
330.2,-1,0,-0.9309734,0,0
330.2,-1,0,-0.9645931,0,0
330.2,-1,0,-0.9404046,0,0
330.2,-1,0,-0.9449995,0,0
330.3,0,0,0,0,0
330.3,-1,0,-0.8597109,0,0
330.3,-1,0,-0.9385889,0,0
330.3,-1,0,-0.9614702,0,0
330.3,-1,0,-0.9537288,0,0
330.3,-1,0,-0.9368633,0,0
330.4,0,0,0,0,0
330.4,-1,0,-0.8571674,0,0
330.4,-1,0,-0.9330458,0,0
330.4,-1,0,-0.9644418,0,0
330.4,-1,0,-0.9538827,0,0
330.4,-1,0,-0.9408702,0,0
330.5,0,0,0,0,0
330.5,-1,0,-0.8366145,0,0
330.5,-1,0,-0.915521,0,0
330.5,-1,0,-0.9564135,0,0
330.5,-1,0,-0.9607639,0,0
330.5,-1,0,-0.9313396,0,0
330.6,0,0,0,0,0
330.6,-1,0,-0.8332722,0,0
330.6,-1,0,-0.9082598,0,0
330.6,-1,0,-0.9565967,0,0
330.6,-1,0,-0.9574419,0,0
330.6,-1,0,-0.9324164,0,0
330.7,0,0,0,0,0
330.7,-1,0,-0.8469067,0,0
330.7,-1,0,-0.9111961,0,0
330.7,-1,0,-0.9648899,0,0
330.7,-1,0,-0.9456415,0,0
330.7,-1,0,-0.944096,0,0
330.8,0,0,0,0,0
330.8,-1,0,-0.8246897,0,0
330.8,-1,0,-0.891265,0,0
330.8,-1,0,-0.9526807,0,0
330.8,-1,0,-0.9469019,0,0
330.8,-1,0,-0.9303083,0,0
330.9,0,0,0,0,0
330.9,-1,0,-0.8196323,0,0
330.9,-1,0,-0.8814874,0,0
330.9,-1,0,-0.9488396,0,0
330.9,-1,0,-0.9396288,0,0
330.9,-1,0,-0.9272023,0,0
331,0,0,0,0,0
331,-1,0,-0.8299732,0,0
331,-1,0,-0.8941395,0,0
331,-1,0,-0.9523292,0,0
331,-1,0,-0.9520335,0,0
331,-1,0,-0.9301527,0,0
331.1,0,0,0,0,0
331.1,-1,0,-0.8496629,0,0
331.1,-1,0,-0.9062884,0,0
331.1,-1,0,-0.9616365,0,0
331.1,-1,0,-0.9489117,0,0
331.1,-1,0,-0.9419813,0,0
331.2,0,0,0,0,0
331.2,-1,0,-0.844552,0,0
331.2,-1,0,-0.8964009,0,0
331.2,-1,0,-0.9573812,0,0
331.2,-1,0,-0.9413885,0,0
331.2,-1,0,-0.9382554,0,0
331.3,0,0,0,0,0
331.3,-1,0,-0.8464003,0,0
331.3,-1,0,-0.8973681,0,0
331.3,-1,0,-0.9571342,0,0
331.3,-1,0,-0.943591,0,0
331.3,-1,0,-0.9379233,0,0
331.4,0,0,0,0,0
331.4,-1,0,-0.8708337,0,0
331.4,-1,0,-0.9186395,0,0
331.4,-1,0,-0.9694045,0,0
331.4,-1,0,-0.9503309,0,0
331.4,-1,0,-0.9520277,0,0
331.5,0,0,0,0,0
331.5,-1,0,-0.8716706,0,0
331.5,-1,0,-0.9189425,0,0
331.5,-1,0,-0.9692369,0,0
331.5,-1,0,-0.9524612,0,0
331.5,-1,0,-0.9516169,0,0
331.6,0,0,0,0,0
331.6,-1,0,-0.8879634,0,0
331.6,-1,0,-0.9279925,0,0
331.6,-1,0,-0.9762943,0,0
331.6,-1,0,-0.9491419,0,0
331.6,-1,0,-0.9608317,0,0
331.7,0,0,0,0,0
331.7,-1,0,-0.892619,0,0
331.7,-1,0,-0.9372161,0,0
331.7,-1,0,-0.9791725,0,0
331.7,-1,0,-0.9599785,0,0
331.7,-1,0,-0.9636137,0,0
331.8,0,0,0,0,0
331.8,-1,0,-0.8927759,0,0
331.8,-1,0,-0.9368628,0,0
331.8,-1,0,-0.9790272,0,0
331.8,-1,0,-0.9618742,0,0
331.8,-1,0,-0.9634707,0,0
331.9,0,0,0,0,0
331.9,-1,0,-0.889091,0,0
331.9,-1,0,-0.9271677,0,0
331.9,-1,0,-0.9755999,0,0
331.9,-1,0,-0.9551392,0,0
331.9,-1,0,-0.9599295,0,0
332,0,0,0,0,0
332,-1,0,-0.8895018,0,0
332,-1,0,-0.9267024,0,0
332,-1,0,-0.9753692,0,0
332,-1,0,-0.9569729,0,0
332,-1,0,-0.9597366,0,0
332.1,0,0,0,0,0
332.1,-1,0,-0.893288,0,0
332.1,-1,0,-0.9353828,0,0
332.1,-1,0,-0.9786549,0,0
332.1,-1,0,-0.9670621,0,0
332.1,-1,0,-0.9632868,0,0
332.2,0,0,0,0,0
332.2,-1,0,-0.8741873,0,0
332.2,-1,0,-0.9162204,0,0
332.2,-1,0,-0.9678555,0,0
332.2,-1,0,-0.9629291,0,0
332.2,-1,0,-0.9499624,0,0
332.3,0,0,0,0,0
332.3,-1,0,-0.8703092,0,0
332.3,-1,0,-0.9055043,0,0
332.3,-1,0,-0.9629688,0,0
332.3,-1,0,-0.9543144,0,0
332.3,-1,0,-0.9446101,0,0
332.4,0,0,0,0,0
332.4,-1,0,-0.9051228,0,0
332.4,-1,0,-0.8705698,0,0
332.4,-1,0,-0.963006,0,0
332.4,-1,0,-0.9553906,0,0
332.4,-1,0,-0.9443102,0,0
332.5,0,0,0,0,0
332.5,-1,0,-0.8940678,0,0
332.5,-1,0,-0.8535842,0,0
332.5,-1,0,-0.9550346,0,0
332.5,-1,0,-0.9572439,0,0
332.5,-1,0,-0.9337063,0,0
332.6,0,0,0,0,0
332.6,-1,0,-0.9044994,0,0
332.6,-1,0,-0.8707957,0,0
332.6,-1,0,-0.9632838,0,0
332.6,-1,0,-0.9570889,0,0
332.6,-1,0,-0.9438666,0,0
332.7,0,0,0,0,0
332.7,-1,0,-0.8820412,0,0
332.7,-1,0,-0.8490258,0,0
332.7,-1,0,-0.949119,0,0
332.7,-1,0,-0.9475806,0,0
332.7,-1,0,-0.9266163,0,0
332.8,0,0,0,0,0
332.8,-1,0,-0.892513,0,0
332.8,-1,0,-0.8662921,0,0
332.8,-1,0,-0.9572004,0,0
332.8,-1,0,-0.9479217,0,0
332.8,-1,0,-0.9366957,0,0
332.9,0,0,0,0,0
332.9,-1,0,-0.8893702,0,0
332.9,-1,0,-0.8769239,0,0
332.9,-1,0,-0.9563168,0,0
332.9,-1,0,-0.9359975,0,0
332.9,-1,0,-0.9371966,0,0
333,0,0,0,0,0
333,-1,0,-0.8655684,0,0
333,-1,0,-0.8541613,0,0
333,-1,0,-0.940987,0,0
333,-1,0,-0.9250748,0,0
333,-1,0,-0.918547,0,0
333.1,0,0,0,0,0
333.1,-1,0,-0.8748545,0,0
333.1,-1,0,-0.8704342,0,0
333.1,-1,0,-0.925454,0,0
333.1,-1,0,-0.9476993,0,0
333.1,-1,0,-0.9271021,0,0
333.2,0,0,0,0,0
333.2,-1,0,-0.8777855,0,0
333.2,-1,0,-0.8604201,0,0
333.2,-1,0,-0.9391363,0,0
333.2,-1,0,-0.9501156,0,0
333.2,-1,0,-0.927815,0,0
333.3,0,0,0,0,0
333.3,-1,0,-0.8633764,0,0
333.3,-1,0,-0.854422,0,0
333.3,-1,0,-0.9271244,0,0
333.3,-1,0,-0.9414346,0,0
333.3,-1,0,-0.9179583,0,0
333.4,0,0,0,0,0
333.4,-1,0,-0.8862262,0,0
333.4,-1,0,-0.8769511,0,0
333.4,-1,0,-0.9402501,0,0
333.4,-1,0,-0.956935,0,0
333.4,-1,0,-0.9363004,0,0
333.5,0,0,0,0,0
333.5,-1,0,-0.9067982,0,0
333.5,-1,0,-0.8970902,0,0
333.5,-1,0,-0.9512569,0,0
333.5,-1,0,-0.9699503,0,0
333.5,-1,0,-0.9523199,0,0
333.6,0,0,0,0,0
333.6,-1,0,-0.9058748,0,0
333.6,-1,0,-0.8968971,0,0
333.6,-1,0,-0.9518119,0,0
333.6,-1,0,-0.9699944,0,0
333.6,-1,0,-0.952152,0,0
333.7,0,0,0,0,0
333.7,-1,0,-0.9049763,0,0
333.7,-1,0,-0.8966238,0,0
333.7,-1,0,-0.9522391,0,0
333.7,-1,0,-0.9700757,0,0
333.7,-1,0,-0.9519563,0,0
333.8,0,0,0,0,0
333.8,-1,0,-0.8991681,0,0
333.8,-1,0,-0.9058196,0,0
333.8,-1,0,-0.9401054,0,0
333.8,-1,0,-0.9659465,0,0
333.8,-1,0,-0.948602,0,0
333.9,0,0,0,0,0
333.9,-1,0,-0.9049942,0,0
333.9,-1,0,-0.9188078,0,0
333.9,-1,0,-0.9383649,0,0
333.9,-1,0,-0.968273,0,0
333.9,-1,0,-0.9530035,0,0
334,0,0,0,0,0
334,-1,0,-0.8957881,0,0
334,-1,0,-0.9248767,0,0
334,-1,0,-0.9235753,0,0
334,-1,0,-0.9600951,0,0
334,-1,0,-0.9457036,0,0
334.1,0,0,0,0,0
334.1,-1,0,-0.8795807,0,0
334.1,-1,0,-0.9176883,0,0
334.1,-1,0,-0.911278,0,0
334.1,-1,0,-0.9494584,0,0
334.1,-1,0,-0.9337001,0,0
334.2,0,0,0,0,0
334.2,-1,0,-0.8673022,0,0
334.2,-1,0,-0.9205779,0,0
334.2,-1,0,-0.8938552,0,0
334.2,-1,0,-0.9376184,0,0
334.2,-1,0,-0.9226259,0,0
334.3,0,0,0,0,0
334.3,-1,0,-0.8826253,0,0
334.3,-1,0,-0.9282962,0,0
334.3,-1,0,-0.9094062,0,0
334.3,-1,0,-0.9489651,0,0
334.3,-1,0,-0.9350157,0,0
334.4,0,0,0,0,0
334.4,-1,0,-0.8600895,0,0
334.4,-1,0,-0.9087347,0,0
334.4,-1,0,-0.9000081,0,0
334.4,-1,0,-0.937362,0,0
334.4,-1,0,-0.919808,0,0
334.5,0,0,0,0,0
334.5,-1,0,-0.8640561,0,0
334.5,-1,0,-0.9196686,0,0
334.5,-1,0,-0.8972304,0,0
334.5,-1,0,-0.9371446,0,0
334.5,-1,0,-0.9214013,0,0
334.6,0,0,0,0,0
334.6,-1,0,-0.8742657,0,0
334.6,-1,0,-0.9159387,0,0
334.6,-1,0,-0.9159952,0,0
334.6,-1,0,-0.9487345,0,0
334.6,-1,0,-0.9323786,0,0
334.7,0,0,0,0,0
334.7,-1,0,-0.8616419,0,0
334.7,-1,0,-0.9187591,0,0
334.7,-1,0,-0.8990728,0,0
334.7,-1,0,-0.9368556,0,0
334.7,-1,0,-0.9208809,0,0
334.8,0,0,0,0,0
334.8,-1,0,-0.8645798,0,0
334.8,-1,0,-0.9284588,0,0
334.8,-1,0,-0.8955541,0,0
334.8,-1,0,-0.9354856,0,0
334.8,-1,0,-0.9211174,0,0
334.9,0,0,0,0,0
334.9,-1,0,-0.8456804,0,0
334.9,-1,0,-0.9186996,0,0
334.9,-1,0,-0.8813827,0,0
334.9,-1,0,-0.922725,0,0
334.9,-1,0,-0.9067672,0,0
335,0,0,0,0,0
335,-1,0,-0.8476245,0,0
335,-1,0,-0.9272696,0,0
335,-1,0,-0.8771649,0,0
335,-1,0,-0.920252,0,0
335,-1,0,-0.9056897,0,0
335.1,0,0,0,0,0
335.1,-1,0,-0.8435857,0,0
335.1,-1,0,-0.9173999,0,0
335.1,-1,0,-0.8836102,0,0
335.1,-1,0,-0.9227369,0,0
335.1,-1,0,-0.9064007,0,0
335.2,0,0,0,0,0
335.2,-1,0,-0.8196414,0,0
335.2,-1,0,-0.8960301,0,0
335.2,-1,0,-0.8725577,0,0
335.2,-1,0,-0.9103254,0,0
335.2,-1,0,-0.8909558,0,0
335.3,0,0,0,0,0
335.3,-1,0,-0.8416547,0,0
335.3,-1,0,-0.9162583,0,0
335.3,-1,0,-0.8855706,0,0
335.3,-1,0,-0.9229001,0,0
335.3,-1,0,-0.9061224,0,0
335.4,0,0,0,0,0
335.4,-1,0,-0.8614528,0,0
335.4,-1,0,-0.9342579,0,0
335.4,-1,0,-0.8964174,0,0
335.4,-1,0,-0.9331343,0,0
335.4,-1,0,-0.9188534,0,0
335.5,0,0,0,0,0
335.5,-1,0,-0.8602753,0,0
335.5,-1,0,-0.9335314,0,0
335.5,-1,0,-0.8972003,0,0
335.5,-1,0,-0.9331923,0,0
335.5,-1,0,-0.9186313,0,0
335.6,0,0,0,0,0
335.6,-1,0,-0.860889,0,0
335.6,-1,0,-0.9409944,0,0
335.6,-1,0,-0.8919908,0,0
335.6,-1,0,-0.9296378,0,0
335.6,-1,0,-0.9158285,0,0
335.7,0,0,0,0,0
335.7,-1,0,-0.8774706,0,0
335.7,-1,0,-0.9558233,0,0
335.7,-1,0,-0.8995826,0,0
335.7,-1,0,-0.9364744,0,0
335.7,-1,0,-0.9247864,0,0
335.8,0,0,0,0,0
335.8,-1,0,-0.8917499,0,0
335.8,-1,0,-0.9553682,0,0
335.8,-1,0,-0.9198233,0,0
335.8,-1,0,-0.9516104,0,0
335.8,-1,0,-0.9402218,0,0
335.9,0,0,0,0,0
335.9,-1,0,-0.9060528,0,0
335.9,-1,0,-0.9681565,0,0
335.9,-1,0,-0.924861,0,0
335.9,-1,0,-0.9561628,0,0
335.9,-1,0,-0.9466332,0,0
336,0,0,0,0,0
336,-1,0,-0.9181112,0,0
336,-1,0,-0.9787579,0,0
336,-1,0,-0.9276556,0,0
336,-1,0,-0.9584782,0,0
336,-1,0,-0.9505806,0,0
336.1,0,0,0,0,0
336.1,-1,0,-0.9002853,0,0
336.1,-1,0,-0.9776539,0,0
336.1,-1,0,-0.9085793,0,0
336.1,-1,0,-0.9432899,0,0
336.1,-1,0,-0.9338181,0,0
336.2,0,0,0,0,0
336.2,-1,0,-0.8831594,0,0
336.2,-1,0,-0.9703016,0,0
336.2,-1,0,-0.8975141,0,0
336.2,-1,0,-0.9339536,0,0
336.2,-1,0,-0.9223769,0,0
336.3,0,0,0,0,0
336.3,-1,0,-0.8617452,0,0
336.3,-1,0,-0.9653127,0,0
336.3,-1,0,-0.8753657,0,0
336.3,-1,0,-0.9154797,0,0
336.3,-1,0,-0.90205,0,0
336.4,0,0,0,0,0
336.4,-1,0,-0.8383062,0,0
336.4,-1,0,-0.9578737,0,0
336.4,-1,0,-0.8512079,0,0
336.4,-1,0,-0.8948428,0,0
336.4,-1,0,-0.879445,0,0
336.5,0,0,0,0,0
336.5,-1,0,-0.8128972,0,0
336.5,-1,0,-0.9479948,0,0
336.5,-1,0,-0.8250963,0,0
336.5,-1,0,-0.8721673,0,0
336.5,-1,0,-0.8546621,0,0
336.6,0,0,0,0,0
336.6,-1,0,-0.7974647,0,0
336.6,-1,0,-0.9338965,0,0
336.6,-1,0,-0.8221993,0,0
336.6,-1,0,-0.8688398,0,0
336.6,-1,0,-0.8493128,0,0
336.7,0,0,0,0,0
336.7,-1,0,-0.7758061,0,0
336.7,-1,0,-0.9199624,0,0
336.7,-1,0,-0.8063219,0,0
336.7,-1,0,-0.8543875,0,0
336.7,-1,0,-0.8328416,0,0
336.8,0,0,0,0,0
336.8,-1,0,-0.7580568,0,0
336.8,-1,0,-0.902117,0,0
336.8,-1,0,-0.8004802,0,0
336.8,-1,0,-0.8479648,0,0
336.8,-1,0,-0.5785554,0,0
336.9,0,0,0,0,0
336.9,-1,0,-0.761621,0,0
336.9,-1,0,-0.8972729,0,0
336.9,-1,0,-0.8112857,0,0
336.9,-1,0,-0.8564116,0,0
336.9,-1,0,-0.6016428,0,0
337,0,0,0,0,0
337,-1,0,-0.7388411,0,0
337,-1,0,-0.8808424,0,0
337,-1,0,-0.7935817,0,0
337,-1,0,-0.8398975,0,0
337,-1,0,-0.584812,0,0
337.1,0,0,0,0,0
337.1,-1,0,-0.711518,0,0
337.1,-1,0,-0.8670448,0,0
337.1,-1,0,-0.7651269,0,0
337.1,-1,0,-0.8145917,0,0
337.1,-1,0,-0.5503306,0,0
337.2,0,0,0,0,0
337.2,-1,0,-0.739574,0,0
337.2,-1,0,-0.8788649,0,0
337.2,-1,0,-0.7954333,0,0
337.2,-1,0,-0.8409045,0,0
337.2,-1,0,-0.596252,0,0
337.3,0,0,0,0,0
337.3,-1,0,-0.7355345,0,0
337.3,-1,0,-0.881572,0,0
337.3,-1,0,-0.7863084,0,0
337.3,-1,0,-0.8335692,0,0
337.3,-1,0,-0.5852432,0,0
337.4,0,0,0,0,0
337.4,-1,0,-0.753032,0,0
337.4,-1,0,-0.8988814,0,0
337.4,-1,0,-0.7945776,0,0
337.4,-1,0,-0.8420649,0,0
337.4,-1,0,-0.596015,0,0
337.5,0,0,0,0,0
337.5,-1,0,-0.7745901,0,0
337.5,-1,0,-0.9125199,0,0
337.5,-1,0,-0.8125945,0,0
337.5,-1,0,-0.623526,0,0
337.5,-1,0,-0.8582778,0,0
337.6,0,0,0,0,0
337.6,-1,0,-0.7794963,0,0
337.6,-1,0,-0.9088925,0,0
337.6,-1,0,-0.8239585,0,0
337.6,-1,0,-0.6466265,0,0
337.6,-1,0,-0.8673682,0,0
337.7,0,0,0,0,0
337.7,-1,0,-0.7835594,0,0
337.7,-1,0,-0.9042572,0,0
337.7,-1,0,-0.8343124,0,0
337.7,-1,0,-0.6684573,0,0
337.7,-1,0,-0.8752769,0,0
337.8,0,0,0,0,0
337.8,-1,0,-0.7994673,0,0
337.8,-1,0,-0.9207904,0,0
337.8,-1,0,-0.8411523,0,0
337.8,-1,0,-0.6785744,0,0
337.8,-1,0,-0.8824382,0,0
337.9,0,0,0,0,0
337.9,-1,0,-0.7825223,0,0
337.9,-1,0,-0.9023553,0,0
337.9,-1,0,-0.679723,0,0
337.9,-1,0,-0.8350247,0,0
337.9,-1,0,-0.8754702,0,0
338,0,0,0,0,0
338,-1,0,-0.7980309,0,0
338,-1,0,-0.9189631,0,0
338,-1,0,-0.6901357,0,0
338,-1,0,-0.8416765,0,0
338,-1,0,-0.8824907,0,0
338.1,0,0,0,0,0
338.1,-1,0,-0.8020195,0,0
338.1,-1,0,-0.9144939,0,0
338.1,-1,0,-0.7109972,0,0
338.1,-1,0,-0.8518276,0,0
338.1,-1,0,-0.8901572,0,0
338.2,0,0,0,0,0
338.2,-1,0,-0.8251489,0,0
338.2,-1,0,-0.9220882,0,0
338.2,-1,0,-0.7495478,0,0
338.2,-1,0,-0.8759702,0,0
338.2,-1,0,-0.9103381,0,0
338.3,0,0,0,0,0
338.3,-1,0,-0.8394866,0,0
338.3,-1,0,-0.9378377,0,0
338.3,-1,0,-0.7588239,0,0
338.3,-1,0,-0.8810771,0,0
338.3,-1,0,-0.9160336,0,0
338.4,0,0,0,0,0
338.4,-1,0,-0.8515462,0,0
338.4,-1,0,-0.9513294,0,0
338.4,-1,0,-0.7664742,0,0
338.4,-1,0,-0.8839487,0,0
338.4,-1,0,-0.9195419,0,0
338.5,0,0,0,0,0
338.5,-1,0,-0.8612531,0,0
338.5,-1,0,-0.9625404,0,0
338.5,-1,0,-0.7724803,0,0
338.5,-1,0,-0.8846576,0,0
338.5,-1,0,-0.920841,0,0
338.6,0,0,0,0,0
338.6,-1,0,-0.8359707,0,0
338.6,-1,0,-0.9525747,0,0
338.6,-1,0,-0.745693,0,0
338.6,-1,0,-0.8604633,0,0
338.6,-1,0,-0.721167,0,0
338.7,0,0,0,0,0
338.7,-1,0,-0.8267035,0,0
338.7,-1,0,-0.951299,0,0
338.7,-1,0,-0.7346622,0,0
338.7,-1,0,-0.8471767,0,0
338.7,-1,0,-0.7081946,0,0
338.8,0,0,0,0,0
338.8,-1,0,-0.8427237,0,0
338.8,-1,0,-0.9605547,0,0
338.8,-1,0,-0.7563106,0,0
338.8,-1,0,-0.859059,0,0
338.8,-1,0,-0.7292347,0,0
338.9,0,0,0,0,0
338.9,-1,0,-0.8323002,0,0
338.9,-1,0,-0.9580231,0,0
338.9,-1,0,-0.7448281,0,0
338.9,-1,0,-0.8446595,0,0
338.9,-1,0,-0.7158754,0,0
339,0,0,0,0,0
339,-1,0,-0.8370332,0,0
339,-1,0,-0.9635007,0,0
339,-1,0,-0.74779,0,0
339,-1,0,-0.7169273,0,0
339,-1,0,-0.8400751,0,0
339.1,0,0,0,0,0
339.1,-1,0,-0.8245061,0,0
339.1,-1,0,-0.958517,0,0
339.1,-1,0,-0.7352464,0,0
339.1,-1,0,-0.7026368,0,0
339.1,-1,0,-0.8235544,0,0
339.2,0,0,0,0,0
339.2,-1,0,-0.8109528,0,0
339.2,-1,0,-0.952282,0,0
339.2,-1,0,-0.7222466,0,0
339.2,-1,0,-0.6879277,0,0
339.2,-1,0,-0.8060271,0,0
339.3,0,0,0,0,0
339.3,-1,0,-0.7803191,0,0
339.3,-1,0,-0.9352639,0,0
339.3,-1,0,-0.6940926,0,0
339.3,-1,0,-0.658152,0,0
339.3,-1,0,-0.776628,0,0
339.4,0,0,0,0,0
339.4,-1,0,-0.7481009,0,0
339.4,-1,0,-0.9157696,0,0
339.4,-1,0,-0.6648251,0,0
339.4,-1,0,-0.6272885,0,0
339.4,-1,0,-0.7453362,0,0

